"filename", "language", "CMake", "C", "Objective-C", "C++", "Markdown", "AADL", "comment", "blank", "total"
"d:\VirtualBox VMs\Shared Folder\upmsat2skeletons\apps\acs_algorithm_app\README.md", "Markdown", 0, 0, 0, 0, 34, 0, 0, 11, 45
"d:\VirtualBox VMs\Shared Folder\upmsat2skeletons\apps\acs_algorithm_app\fsw\mission_inc\acs_algorithm_app_perfids.h", "C++", 0, 0, 0, 4, 0, 0, 26, 5, 35
"d:\VirtualBox VMs\Shared Folder\upmsat2skeletons\apps\acs_algorithm_app\fsw\platform_inc\acs_algorithm_app_msgids.h", "C++", 0, 0, 0, 7, 0, 0, 30, 7, 44
"d:\VirtualBox VMs\Shared Folder\upmsat2skeletons\apps\acs_algorithm_app\fsw\platform_inc\acs_algorithm_app_table.h", "C++", 0, 0, 0, 8, 0, 0, 29, 6, 43
"d:\VirtualBox VMs\Shared Folder\upmsat2skeletons\apps\acs_algorithm_app\fsw\src\acs_algorithm_app.c", "C", 0, 243, 0, 0, 0, 0, 174, 116, 533
"d:\VirtualBox VMs\Shared Folder\upmsat2skeletons\apps\acs_algorithm_app\fsw\src\acs_algorithm_app.h", "C++", 0, 0, 0, 45, 0, 0, 42, 29, 116
"d:\VirtualBox VMs\Shared Folder\upmsat2skeletons\apps\acs_algorithm_app\fsw\src\acs_algorithm_app_events.h", "C++", 0, 0, 0, 13, 0, 0, 26, 6, 45
"d:\VirtualBox VMs\Shared Folder\upmsat2skeletons\apps\acs_algorithm_app\fsw\src\acs_algorithm_app_msg.h", "C++", 0, 0, 0, 24, 0, 0, 44, 11, 79
"d:\VirtualBox VMs\Shared Folder\upmsat2skeletons\apps\acs_algorithm_app\fsw\src\acs_algorithm_app_user.c", "C", 0, 13, 0, 0, 0, 0, 8, 13, 34
"d:\VirtualBox VMs\Shared Folder\upmsat2skeletons\apps\acs_algorithm_app\fsw\src\acs_algorithm_app_user.h", "C++", 0, 0, 0, 11, 0, 0, 8, 10, 29
"d:\VirtualBox VMs\Shared Folder\upmsat2skeletons\apps\acs_algorithm_app\fsw\src\acs_algorithm_app_version.h", "C++", 0, 0, 0, 17, 0, 0, 36, 11, 64
"d:\VirtualBox VMs\Shared Folder\upmsat2skeletons\apps\acs_algorithm_app\fsw\src\acs_algorithm_mini_cv.aadl", "AADL", 0, 0, 0, 0, 0, 10, 2, 4, 16
"d:\VirtualBox VMs\Shared Folder\upmsat2skeletons\apps\acs_algorithm_app\fsw\tables\acs_algorithm_app_tbl.c", "C", 0, 4, 0, 0, 0, 0, 32, 4, 40
"d:\VirtualBox VMs\Shared Folder\upmsat2skeletons\apps\manager_app\README.md", "Markdown", 0, 0, 0, 0, 34, 0, 0, 11, 45
"d:\VirtualBox VMs\Shared Folder\upmsat2skeletons\apps\manager_app\fsw\mission_inc\manager_app_perfids.h", "C++", 0, 0, 0, 4, 0, 0, 26, 5, 35
"d:\VirtualBox VMs\Shared Folder\upmsat2skeletons\apps\manager_app\fsw\platform_inc\manager_app_msgids.h", "C++", 0, 0, 0, 9, 0, 0, 30, 11, 50
"d:\VirtualBox VMs\Shared Folder\upmsat2skeletons\apps\manager_app\fsw\platform_inc\manager_app_table.h", "C++", 0, 0, 0, 8, 0, 0, 29, 6, 43
"d:\VirtualBox VMs\Shared Folder\upmsat2skeletons\apps\manager_app\fsw\src\manager_app.c", "C", 0, 248, 0, 0, 0, 0, 179, 117, 544
"d:\VirtualBox VMs\Shared Folder\upmsat2skeletons\apps\manager_app\fsw\src\manager_app.h", "C++", 0, 0, 0, 45, 0, 0, 42, 29, 116
"d:\VirtualBox VMs\Shared Folder\upmsat2skeletons\apps\manager_app\fsw\src\manager_app_events.h", "C++", 0, 0, 0, 15, 0, 0, 26, 10, 51
"d:\VirtualBox VMs\Shared Folder\upmsat2skeletons\apps\manager_app\fsw\src\manager_app_msg.h", "C++", 0, 0, 0, 24, 0, 0, 44, 11, 79
"d:\VirtualBox VMs\Shared Folder\upmsat2skeletons\apps\manager_app\fsw\src\manager_app_user.c", "C", 0, 19, 0, 0, 0, 0, 8, 14, 41
"d:\VirtualBox VMs\Shared Folder\upmsat2skeletons\apps\manager_app\fsw\src\manager_app_user.h", "C++", 0, 0, 0, 13, 0, 0, 8, 11, 32
"d:\VirtualBox VMs\Shared Folder\upmsat2skeletons\apps\manager_app\fsw\src\manager_app_version.h", "C++", 0, 0, 0, 17, 0, 0, 36, 11, 64
"d:\VirtualBox VMs\Shared Folder\upmsat2skeletons\apps\manager_app\fsw\src\manager_mini_cv.aadl", "AADL", 0, 0, 0, 0, 0, 10, 2, 4, 16
"d:\VirtualBox VMs\Shared Folder\upmsat2skeletons\apps\manager_app\fsw\tables\manager_app_tbl.c", "C", 0, 4, 0, 0, 0, 0, 32, 4, 40
"d:\VirtualBox VMs\Shared Folder\upmsat2skeletons\apps\measurer_and_actuator_app\README.md", "Markdown", 0, 0, 0, 0, 34, 0, 0, 11, 45
"d:\VirtualBox VMs\Shared Folder\upmsat2skeletons\apps\measurer_and_actuator_app\fsw\mission_inc\measurer_and_actuator_app_perfids.h", "C++", 0, 0, 0, 4, 0, 0, 26, 5, 35
"d:\VirtualBox VMs\Shared Folder\upmsat2skeletons\apps\measurer_and_actuator_app\fsw\platform_inc\measurer_and_actuator_app_msgids.h", "C++", 0, 0, 0, 8, 0, 0, 30, 9, 47
"d:\VirtualBox VMs\Shared Folder\upmsat2skeletons\apps\measurer_and_actuator_app\fsw\platform_inc\measurer_and_actuator_app_table.h", "C++", 0, 0, 0, 8, 0, 0, 29, 6, 43
"d:\VirtualBox VMs\Shared Folder\upmsat2skeletons\apps\measurer_and_actuator_app\fsw\src\measurer_and_actuator_app.c", "C", 0, 298, 0, 0, 0, 0, 202, 151, 651
"d:\VirtualBox VMs\Shared Folder\upmsat2skeletons\apps\measurer_and_actuator_app\fsw\src\measurer_and_actuator_app.h", "C++", 0, 0, 0, 52, 0, 0, 42, 39, 133
"d:\VirtualBox VMs\Shared Folder\upmsat2skeletons\apps\measurer_and_actuator_app\fsw\src\measurer_and_actuator_app_events.h", "C++", 0, 0, 0, 14, 0, 0, 26, 8, 48
"d:\VirtualBox VMs\Shared Folder\upmsat2skeletons\apps\measurer_and_actuator_app\fsw\src\measurer_and_actuator_app_msg.h", "C++", 0, 0, 0, 24, 0, 0, 44, 11, 79
"d:\VirtualBox VMs\Shared Folder\upmsat2skeletons\apps\measurer_and_actuator_app\fsw\src\measurer_and_actuator_app_user.c", "C", 0, 19, 0, 0, 0, 0, 13, 23, 55
"d:\VirtualBox VMs\Shared Folder\upmsat2skeletons\apps\measurer_and_actuator_app\fsw\src\measurer_and_actuator_app_user.h", "C++", 0, 0, 0, 13, 0, 0, 8, 14, 35
"d:\VirtualBox VMs\Shared Folder\upmsat2skeletons\apps\measurer_and_actuator_app\fsw\src\measurer_and_actuator_app_version.h", "C++", 0, 0, 0, 17, 0, 0, 36, 11, 64
"d:\VirtualBox VMs\Shared Folder\upmsat2skeletons\apps\measurer_and_actuator_app\fsw\src\measurer_and_actuator_mini_cv.aadl", "AADL", 0, 0, 0, 0, 0, 12, 2, 8, 22
"d:\VirtualBox VMs\Shared Folder\upmsat2skeletons\apps\measurer_and_actuator_app\fsw\tables\measurer_and_actuator_app_tbl.c", "C", 0, 4, 0, 0, 0, 0, 32, 4, 40
"d:\VirtualBox VMs\Shared Folder\upmsat2skeletons\apps\platform_app\README.md", "Markdown", 0, 0, 0, 0, 34, 0, 0, 11, 45
"d:\VirtualBox VMs\Shared Folder\upmsat2skeletons\apps\platform_app\fsw\mission_inc\platform_app_perfids.h", "C++", 0, 0, 0, 4, 0, 0, 26, 5, 35
"d:\VirtualBox VMs\Shared Folder\upmsat2skeletons\apps\platform_app\fsw\platform_inc\platform_app_msgids.h", "C++", 0, 0, 0, 8, 0, 0, 30, 9, 47
"d:\VirtualBox VMs\Shared Folder\upmsat2skeletons\apps\platform_app\fsw\platform_inc\platform_app_table.h", "C++", 0, 0, 0, 8, 0, 0, 29, 6, 43
"d:\VirtualBox VMs\Shared Folder\upmsat2skeletons\apps\platform_app\fsw\src\platform_app.c", "C", 0, 275, 0, 0, 0, 0, 210, 128, 613
"d:\VirtualBox VMs\Shared Folder\upmsat2skeletons\apps\platform_app\fsw\src\platform_app.h", "C++", 0, 0, 0, 46, 0, 0, 42, 33, 121
"d:\VirtualBox VMs\Shared Folder\upmsat2skeletons\apps\platform_app\fsw\src\platform_app_events.h", "C++", 0, 0, 0, 14, 0, 0, 26, 8, 48
"d:\VirtualBox VMs\Shared Folder\upmsat2skeletons\apps\platform_app\fsw\src\platform_app_msg.h", "C++", 0, 0, 0, 24, 0, 0, 44, 11, 79
"d:\VirtualBox VMs\Shared Folder\upmsat2skeletons\apps\platform_app\fsw\src\platform_app_user.c", "C", 0, 26, 0, 0, 0, 0, 5, 16, 47
"d:\VirtualBox VMs\Shared Folder\upmsat2skeletons\apps\platform_app\fsw\src\platform_app_user.h", "C++", 0, 0, 0, 14, 0, 0, 8, 12, 34
"d:\VirtualBox VMs\Shared Folder\upmsat2skeletons\apps\platform_app\fsw\src\platform_app_version.h", "C++", 0, 0, 0, 17, 0, 0, 36, 11, 64
"d:\VirtualBox VMs\Shared Folder\upmsat2skeletons\apps\platform_app\fsw\src\platform_mini_cv.aadl", "AADL", 0, 0, 0, 0, 0, 9, 2, 5, 16
"d:\VirtualBox VMs\Shared Folder\upmsat2skeletons\apps\platform_app\fsw\tables\platform_app_tbl.c", "C", 0, 4, 0, 0, 0, 0, 32, 4, 40
"d:\VirtualBox VMs\Shared Folder\upmsat2skeletons\apps\pressure_sensor_app\README.md", "Markdown", 0, 0, 0, 0, 34, 0, 0, 11, 45
"d:\VirtualBox VMs\Shared Folder\upmsat2skeletons\apps\pressure_sensor_app\fsw\mission_inc\pressure_sensor_app_perfids.h", "C++", 0, 0, 0, 4, 0, 0, 26, 5, 35
"d:\VirtualBox VMs\Shared Folder\upmsat2skeletons\apps\pressure_sensor_app\fsw\platform_inc\pressure_sensor_app_msgids.h", "C++", 0, 0, 0, 7, 0, 0, 30, 7, 44
"d:\VirtualBox VMs\Shared Folder\upmsat2skeletons\apps\pressure_sensor_app\fsw\platform_inc\pressure_sensor_app_table.h", "C++", 0, 0, 0, 8, 0, 0, 29, 6, 43
"d:\VirtualBox VMs\Shared Folder\upmsat2skeletons\apps\pressure_sensor_app\fsw\src\pressure_sensor_app.c", "C", 0, 216, 0, 0, 0, 0, 160, 108, 484
"d:\VirtualBox VMs\Shared Folder\upmsat2skeletons\apps\pressure_sensor_app\fsw\src\pressure_sensor_app.h", "C++", 0, 0, 0, 43, 0, 0, 42, 31, 116
"d:\VirtualBox VMs\Shared Folder\upmsat2skeletons\apps\pressure_sensor_app\fsw\src\pressure_sensor_app_events.h", "C++", 0, 0, 0, 13, 0, 0, 26, 6, 45
"d:\VirtualBox VMs\Shared Folder\upmsat2skeletons\apps\pressure_sensor_app\fsw\src\pressure_sensor_app_msg.h", "C++", 0, 0, 0, 24, 0, 0, 44, 11, 79
"d:\VirtualBox VMs\Shared Folder\upmsat2skeletons\apps\pressure_sensor_app\fsw\src\pressure_sensor_app_user.c", "C", 0, 10, 0, 0, 0, 0, 6, 12, 28
"d:\VirtualBox VMs\Shared Folder\upmsat2skeletons\apps\pressure_sensor_app\fsw\src\pressure_sensor_app_user.h", "C++", 0, 0, 0, 10, 0, 0, 8, 11, 29
"d:\VirtualBox VMs\Shared Folder\upmsat2skeletons\apps\pressure_sensor_app\fsw\src\pressure_sensor_app_version.h", "C++", 0, 0, 0, 17, 0, 0, 36, 11, 64
"d:\VirtualBox VMs\Shared Folder\upmsat2skeletons\apps\pressure_sensor_app\fsw\src\pressure_sensor_mini_cv.aadl", "AADL", 0, 0, 0, 0, 0, 9, 2, 5, 16
"d:\VirtualBox VMs\Shared Folder\upmsat2skeletons\apps\pressure_sensor_app\fsw\tables\pressure_sensor_app_tbl.c", "C", 0, 4, 0, 0, 0, 0, 32, 4, 40
"d:\VirtualBox VMs\Shared Folder\upmsat2skeletons\apps\simulated_acs_hw_app\README.md", "Markdown", 0, 0, 0, 0, 34, 0, 0, 11, 45
"d:\VirtualBox VMs\Shared Folder\upmsat2skeletons\apps\simulated_acs_hw_app\fsw\mission_inc\simulated_acs_hw_app_perfids.h", "C++", 0, 0, 0, 4, 0, 0, 26, 5, 35
"d:\VirtualBox VMs\Shared Folder\upmsat2skeletons\apps\simulated_acs_hw_app\fsw\platform_inc\simulated_acs_hw_app_msgids.h", "C++", 0, 0, 0, 7, 0, 0, 30, 7, 44
"d:\VirtualBox VMs\Shared Folder\upmsat2skeletons\apps\simulated_acs_hw_app\fsw\platform_inc\simulated_acs_hw_app_table.h", "C++", 0, 0, 0, 8, 0, 0, 29, 6, 43
"d:\VirtualBox VMs\Shared Folder\upmsat2skeletons\apps\simulated_acs_hw_app\fsw\src\simulated_acs_hw_app.c", "C", 0, 243, 0, 0, 0, 0, 174, 116, 533
"d:\VirtualBox VMs\Shared Folder\upmsat2skeletons\apps\simulated_acs_hw_app\fsw\src\simulated_acs_hw_app.h", "C++", 0, 0, 0, 45, 0, 0, 42, 29, 116
"d:\VirtualBox VMs\Shared Folder\upmsat2skeletons\apps\simulated_acs_hw_app\fsw\src\simulated_acs_hw_app_events.h", "C++", 0, 0, 0, 13, 0, 0, 26, 6, 45
"d:\VirtualBox VMs\Shared Folder\upmsat2skeletons\apps\simulated_acs_hw_app\fsw\src\simulated_acs_hw_app_msg.h", "C++", 0, 0, 0, 24, 0, 0, 44, 11, 79
"d:\VirtualBox VMs\Shared Folder\upmsat2skeletons\apps\simulated_acs_hw_app\fsw\src\simulated_acs_hw_app_user.c", "C", 0, 13, 0, 0, 0, 0, 8, 13, 34
"d:\VirtualBox VMs\Shared Folder\upmsat2skeletons\apps\simulated_acs_hw_app\fsw\src\simulated_acs_hw_app_user.h", "C++", 0, 0, 0, 11, 0, 0, 8, 10, 29
"d:\VirtualBox VMs\Shared Folder\upmsat2skeletons\apps\simulated_acs_hw_app\fsw\src\simulated_acs_hw_app_version.h", "C++", 0, 0, 0, 17, 0, 0, 36, 11, 64
"d:\VirtualBox VMs\Shared Folder\upmsat2skeletons\apps\simulated_acs_hw_app\fsw\src\simulated_acs_hw_mini_cv.aadl", "AADL", 0, 0, 0, 0, 0, 10, 2, 4, 16
"d:\VirtualBox VMs\Shared Folder\upmsat2skeletons\apps\simulated_acs_hw_app\fsw\tables\simulated_acs_hw_app_tbl.c", "C", 0, 4, 0, 0, 0, 0, 32, 4, 40
"d:\VirtualBox VMs\Shared Folder\upmsat2skeletons\apps\storage_app\README.md", "Markdown", 0, 0, 0, 0, 34, 0, 0, 11, 45
"d:\VirtualBox VMs\Shared Folder\upmsat2skeletons\apps\storage_app\fsw\mission_inc\storage_app_perfids.h", "C++", 0, 0, 0, 4, 0, 0, 26, 5, 35
"d:\VirtualBox VMs\Shared Folder\upmsat2skeletons\apps\storage_app\fsw\platform_inc\storage_app_msgids.h", "C++", 0, 0, 0, 8, 0, 0, 30, 9, 47
"d:\VirtualBox VMs\Shared Folder\upmsat2skeletons\apps\storage_app\fsw\platform_inc\storage_app_table.h", "C++", 0, 0, 0, 8, 0, 0, 29, 6, 43
"d:\VirtualBox VMs\Shared Folder\upmsat2skeletons\apps\storage_app\fsw\src\storage_app.c", "C", 0, 331, 0, 0, 0, 0, 213, 167, 711
"d:\VirtualBox VMs\Shared Folder\upmsat2skeletons\apps\storage_app\fsw\src\storage_app.h", "C++", 0, 0, 0, 57, 0, 0, 45, 39, 141
"d:\VirtualBox VMs\Shared Folder\upmsat2skeletons\apps\storage_app\fsw\src\storage_app_events.h", "C++", 0, 0, 0, 14, 0, 0, 26, 8, 48
"d:\VirtualBox VMs\Shared Folder\upmsat2skeletons\apps\storage_app\fsw\src\storage_app_msg.h", "C++", 0, 0, 0, 24, 0, 0, 44, 11, 79
"d:\VirtualBox VMs\Shared Folder\upmsat2skeletons\apps\storage_app\fsw\src\storage_app_user.c", "C", 0, 36, 0, 0, 0, 0, 18, 29, 83
"d:\VirtualBox VMs\Shared Folder\upmsat2skeletons\apps\storage_app\fsw\src\storage_app_user.h", "C++", 0, 0, 0, 16, 0, 0, 8, 15, 39
"d:\VirtualBox VMs\Shared Folder\upmsat2skeletons\apps\storage_app\fsw\src\storage_app_version.h", "C++", 0, 0, 0, 17, 0, 0, 36, 11, 64
"d:\VirtualBox VMs\Shared Folder\upmsat2skeletons\apps\storage_app\fsw\src\storage_mini_cv.aadl", "AADL", 0, 0, 0, 0, 0, 12, 2, 8, 22
"d:\VirtualBox VMs\Shared Folder\upmsat2skeletons\apps\storage_app\fsw\tables\storage_app_tbl.c", "C", 0, 4, 0, 0, 0, 0, 32, 4, 40
"d:\VirtualBox VMs\Shared Folder\upmsat2skeletons\apps\temperature_sensor_app\README.md", "Markdown", 0, 0, 0, 0, 34, 0, 0, 11, 45
"d:\VirtualBox VMs\Shared Folder\upmsat2skeletons\apps\temperature_sensor_app\fsw\mission_inc\temperature_sensor_app_perfids.h", "C++", 0, 0, 0, 4, 0, 0, 26, 5, 35
"d:\VirtualBox VMs\Shared Folder\upmsat2skeletons\apps\temperature_sensor_app\fsw\platform_inc\temperature_sensor_app_msgids.h", "C++", 0, 0, 0, 7, 0, 0, 30, 7, 44
"d:\VirtualBox VMs\Shared Folder\upmsat2skeletons\apps\temperature_sensor_app\fsw\platform_inc\temperature_sensor_app_table.h", "C++", 0, 0, 0, 8, 0, 0, 29, 6, 43
"d:\VirtualBox VMs\Shared Folder\upmsat2skeletons\apps\temperature_sensor_app\fsw\src\temperature_sensor_app.c", "C", 0, 216, 0, 0, 0, 0, 160, 108, 484
"d:\VirtualBox VMs\Shared Folder\upmsat2skeletons\apps\temperature_sensor_app\fsw\src\temperature_sensor_app.h", "C++", 0, 0, 0, 43, 0, 0, 42, 31, 116
"d:\VirtualBox VMs\Shared Folder\upmsat2skeletons\apps\temperature_sensor_app\fsw\src\temperature_sensor_app_events.h", "C++", 0, 0, 0, 13, 0, 0, 26, 6, 45
"d:\VirtualBox VMs\Shared Folder\upmsat2skeletons\apps\temperature_sensor_app\fsw\src\temperature_sensor_app_msg.h", "C++", 0, 0, 0, 24, 0, 0, 44, 11, 79
"d:\VirtualBox VMs\Shared Folder\upmsat2skeletons\apps\temperature_sensor_app\fsw\src\temperature_sensor_app_user.c", "C", 0, 10, 0, 0, 0, 0, 6, 12, 28
"d:\VirtualBox VMs\Shared Folder\upmsat2skeletons\apps\temperature_sensor_app\fsw\src\temperature_sensor_app_user.h", "C++", 0, 0, 0, 10, 0, 0, 8, 11, 29
"d:\VirtualBox VMs\Shared Folder\upmsat2skeletons\apps\temperature_sensor_app\fsw\src\temperature_sensor_app_version.h", "C++", 0, 0, 0, 17, 0, 0, 36, 11, 64
"d:\VirtualBox VMs\Shared Folder\upmsat2skeletons\apps\temperature_sensor_app\fsw\src\temperature_sensor_mini_cv.aadl", "AADL", 0, 0, 0, 0, 0, 9, 2, 5, 16
"d:\VirtualBox VMs\Shared Folder\upmsat2skeletons\apps\temperature_sensor_app\fsw\tables\temperature_sensor_app_tbl.c", "C", 0, 4, 0, 0, 0, 0, 32, 4, 40
"d:\VirtualBox VMs\Shared Folder\upmsat2skeletons\apps\ttc_app\README.md", "Markdown", 0, 0, 0, 0, 34, 0, 0, 11, 45
"d:\VirtualBox VMs\Shared Folder\upmsat2skeletons\apps\ttc_app\fsw\mission_inc\ttc_app_perfids.h", "C++", 0, 0, 0, 4, 0, 0, 26, 5, 35
"d:\VirtualBox VMs\Shared Folder\upmsat2skeletons\apps\ttc_app\fsw\platform_inc\ttc_app_msgids.h", "C++", 0, 0, 0, 8, 0, 0, 30, 9, 47
"d:\VirtualBox VMs\Shared Folder\upmsat2skeletons\apps\ttc_app\fsw\platform_inc\ttc_app_table.h", "C++", 0, 0, 0, 8, 0, 0, 29, 6, 43
"d:\VirtualBox VMs\Shared Folder\upmsat2skeletons\apps\ttc_app\fsw\src\ttc_app.c", "C", 0, 325, 0, 0, 0, 0, 216, 167, 708
"d:\VirtualBox VMs\Shared Folder\upmsat2skeletons\apps\ttc_app\fsw\src\ttc_app.h", "C++", 0, 0, 0, 54, 0, 0, 42, 43, 139
"d:\VirtualBox VMs\Shared Folder\upmsat2skeletons\apps\ttc_app\fsw\src\ttc_app_events.h", "C++", 0, 0, 0, 14, 0, 0, 26, 8, 48
"d:\VirtualBox VMs\Shared Folder\upmsat2skeletons\apps\ttc_app\fsw\src\ttc_app_msg.h", "C++", 0, 0, 0, 24, 0, 0, 44, 11, 79
"d:\VirtualBox VMs\Shared Folder\upmsat2skeletons\apps\ttc_app\fsw\src\ttc_app_user.c", "C", 0, 22, 0, 0, 0, 0, 15, 28, 65
"d:\VirtualBox VMs\Shared Folder\upmsat2skeletons\apps\ttc_app\fsw\src\ttc_app_user.h", "C++", 0, 0, 0, 14, 0, 0, 8, 16, 38
"d:\VirtualBox VMs\Shared Folder\upmsat2skeletons\apps\ttc_app\fsw\src\ttc_app_version.h", "C++", 0, 0, 0, 17, 0, 0, 36, 11, 64
"d:\VirtualBox VMs\Shared Folder\upmsat2skeletons\apps\ttc_app\fsw\src\ttc_mini_cv.aadl", "AADL", 0, 0, 0, 0, 0, 13, 2, 10, 25
"d:\VirtualBox VMs\Shared Folder\upmsat2skeletons\apps\ttc_app\fsw\tables\ttc_app_tbl.c", "C", 0, 4, 0, 0, 0, 0, 32, 4, 40
"d:\VirtualBox VMs\Shared Folder\upmsat2skeletons\libs\dataview_lib\fsw\public_inc\PrintTypes.h", "C++", 0, 0, 0, 17, 0, 0, 0, 6, 23
"d:\VirtualBox VMs\Shared Folder\upmsat2skeletons\libs\dataview_lib\fsw\public_inc\PrintTypesAsASN1.h", "C++", 0, 0, 0, 17, 0, 0, 0, 6, 23
"d:\VirtualBox VMs\Shared Folder\upmsat2skeletons\libs\dataview_lib\fsw\public_inc\asn1crt.h", "C++", 0, 0, 0, 190, 0, 0, 17, 62, 269
"d:\VirtualBox VMs\Shared Folder\upmsat2skeletons\libs\dataview_lib\fsw\public_inc\asn1crt_encoding.h", "C++", 0, 0, 0, 67, 0, 0, 20, 24, 111
"d:\VirtualBox VMs\Shared Folder\upmsat2skeletons\libs\dataview_lib\fsw\public_inc\asn1crt_encoding_acn.h", "C++", 0, 0, 0, 101, 0, 0, 20, 34, 155
"d:\VirtualBox VMs\Shared Folder\upmsat2skeletons\libs\dataview_lib\fsw\public_inc\asn1crt_encoding_uper.h", "C++", 0, 0, 0, 14, 0, 0, 0, 10, 24
"d:\VirtualBox VMs\Shared Folder\upmsat2skeletons\libs\dataview_lib\fsw\public_inc\dataview-uniq.h", "C++", 0, 0, 0, 127, 0, 0, 8, 84, 219
"d:\VirtualBox VMs\Shared Folder\upmsat2skeletons\libs\dataview_lib\fsw\public_inc\debug_messages.h", "C++", 0, 0, 0, 16, 0, 0, 2, 6, 24
"d:\VirtualBox VMs\Shared Folder\upmsat2skeletons\libs\dataview_lib\fsw\public_inc\timeInMS.h", "C++", 0, 0, 0, 14, 0, 0, 0, 5, 19
"d:\VirtualBox VMs\Shared Folder\upmsat2skeletons\libs\dataview_lib\fsw\src\PrintTypes.c", "C", 0, 125, 0, 0, 0, 0, 0, 13, 138
"d:\VirtualBox VMs\Shared Folder\upmsat2skeletons\libs\dataview_lib\fsw\src\PrintTypesAsASN1.c", "C", 0, 134, 0, 0, 0, 0, 7, 13, 154
"d:\VirtualBox VMs\Shared Folder\upmsat2skeletons\libs\dataview_lib\fsw\src\Simulink_DataView_asn.m", "Objective-C", 0, 0, 3, 0, 0, 0, 0, 2, 5
"d:\VirtualBox VMs\Shared Folder\upmsat2skeletons\libs\dataview_lib\fsw\src\asn1crt.c", "C", 0, 78, 0, 0, 0, 0, 13, 11, 102
"d:\VirtualBox VMs\Shared Folder\upmsat2skeletons\libs\dataview_lib\fsw\src\asn1crt_encoding.c", "C", 0, 1201, 0, 0, 0, 0, 135, 245, 1581
"d:\VirtualBox VMs\Shared Folder\upmsat2skeletons\libs\dataview_lib\fsw\src\asn1crt_encoding_acn.c", "C", 0, 1101, 0, 0, 0, 0, 110, 298, 1509
"d:\VirtualBox VMs\Shared Folder\upmsat2skeletons\libs\dataview_lib\fsw\src\asn1crt_encoding_uper.c", "C", 0, 127, 0, 0, 0, 0, 6, 30, 163
"d:\VirtualBox VMs\Shared Folder\upmsat2skeletons\libs\dataview_lib\fsw\src\dataview-uniq.c", "C", 0, 372, 0, 0, 0, 0, 3, 186, 561
"d:\VirtualBox VMs\Shared Folder\upmsat2skeletons\libs\dataview_lib\fsw\src\debug_messages.c", "C", 0, 30, 0, 0, 0, 0, 1, 7, 38
"d:\VirtualBox VMs\Shared Folder\upmsat2skeletons\libs\dataview_lib\fsw\src\timeInMS.c", "C", 0, 16, 0, 0, 0, 0, 0, 2, 18
"d:\VirtualBox VMs\Shared Folder\upmsat2skeletons\sample_defs\targets.cmake", "CMake", 103, 0, 0, 0, 0, 0, 0, 10, 113
"Total", "-", 103, 5783, 3, 1774, 306, 94, 4595, 3431, 16089